Workbook

Sheet Sheet1
A1: brand | B1: camera_mp | C1: battery_mah | K1: * | L1: processor | O1: model | P1: price_usd | Q1: ram_gb | Z1: os | AA1: charging_watt | AB1: display_size_inch
A2: Oppo | B2: =SUMIFS(global_mobile_prices!F:F,global_mobile_prices!A:A,Sheet1!A2,global_mobile_prices!L:L,Sheet1!K$1) -> 108 | C2: =SUMIFS(global_mobile_prices!G:G,global_mobile_prices!A:A,Sheet1!A2,global_mobile_prices!L:L,Sheet1!K$1) -> 6000 | L2: Helio G99 | O2: A98 111 | P2: =SUMIFS(global_mobile_prices!C:C,global_mobile_prices!B:B,Sheet1!O2,global_mobile_prices!L:L,Sheet1!K$1) -> 855 | Q2: =SUMIFS(global_mobile_prices!D:D,global_mobile_prices!B:B,Sheet1!O2,global_mobile_prices!L:L,Sheet1!K$1) -> 16 | Z2: Android | AA2: =SUMIFS(global_mobile_prices!I:I,global_mobile_prices!K:K,Sheet1!Z2,global_mobile_prices!L:L,Sheet1!K$1) -> 623 | AB2: =SUMIFS(global_mobile_prices!H:H,global_mobile_prices!K:K,Sheet1!Z2,global_mobile_prices!L:L,Sheet1!K$1) -> 81.4
A3: Realme | B3: =SUMIFS(global_mobile_prices!F:F,global_mobile_prices!A:A,Sheet1!A3,global_mobile_prices!L:L,Sheet1!K$1) -> 172 | C3: =SUMIFS(global_mobile_prices!G:G,global_mobile_prices!A:A,Sheet1!A3,global_mobile_prices!L:L,Sheet1!K$1) -> 8500 | L3: Tensor G4 | O3: 11 Pro+ 843 | P3: =SUMIFS(global_mobile_prices!C:C,global_mobile_prices!B:B,Sheet1!O3,global_mobile_prices!L:L,Sheet1!K$1) -> 618 | Q3: =SUMIFS(global_mobile_prices!D:D,global_mobile_prices!B:B,Sheet1!O3,global_mobile_prices!L:L,Sheet1!K$1) -> 6 | Z3: Android | AA3: =SUMIFS(global_mobile_prices!I:I,global_mobile_prices!K:K,Sheet1!Z3,global_mobile_prices!L:L,Sheet1!K$1) -> 623 | AB3: =SUMIFS(global_mobile_prices!H:H,global_mobile_prices!K:K,Sheet1!Z3,global_mobile_prices!L:L,Sheet1!K$1) -> 81.4
A4: Xiaomi | B4: =SUMIFS(global_mobile_prices!F:F,global_mobile_prices!A:A,Sheet1!A4,global_mobile_prices!L:L,Sheet1!K$1) -> 64 | C4: =SUMIFS(global_mobile_prices!G:G,global_mobile_prices!A:A,Sheet1!A4,global_mobile_prices!L:L,Sheet1!K$1) -> 4000 | L4: A18 Pro | O4: Redmi Note 14 Pro 461 | P4: =SUMIFS(global_mobile_prices!C:C,global_mobile_prices!B:B,Sheet1!O4,global_mobile_prices!L:L,Sheet1!K$1) -> 258 | Q4: =SUMIFS(global_mobile_prices!D:D,global_mobile_prices!B:B,Sheet1!O4,global_mobile_prices!L:L,Sheet1!K$1) -> 16 | Z4: Android | AA4: =SUMIFS(global_mobile_prices!I:I,global_mobile_prices!K:K,Sheet1!Z4,global_mobile_prices!L:L,Sheet1!K$1) -> 623 | AB4: =SUMIFS(global_mobile_prices!H:H,global_mobile_prices!K:K,Sheet1!Z4,global_mobile_prices!L:L,Sheet1!K$1) -> 81.4
A5: Apple | B5: =SUMIFS(global_mobile_prices!F:F,global_mobile_prices!A:A,Sheet1!A5,global_mobile_prices!L:L,Sheet1!K$1) -> 276 | C5: =SUMIFS(global_mobile_prices!G:G,global_mobile_prices!A:A,Sheet1!A5,global_mobile_prices!L:L,Sheet1!K$1) -> 14000 | L5: Dimensity 9300 | O5: iPhone 16 Pro Max 927 | P5: =SUMIFS(global_mobile_prices!C:C,global_mobile_prices!B:B,Sheet1!O5,global_mobile_prices!L:L,Sheet1!K$1) -> 335 | Q5: =SUMIFS(global_mobile_prices!D:D,global_mobile_prices!B:B,Sheet1!O5,global_mobile_prices!L:L,Sheet1!K$1) -> 12 | Z5: iOS | AA5: =SUMIFS(global_mobile_prices!I:I,global_mobile_prices!K:K,Sheet1!Z5,global_mobile_prices!L:L,Sheet1!K$1) -> 177 | AB5: =SUMIFS(global_mobile_prices!H:H,global_mobile_prices!K:K,Sheet1!Z5,global_mobile_prices!L:L,Sheet1!K$1) -> 20.8
A6: OnePlus | B6: =SUMIFS(global_mobile_prices!F:F,global_mobile_prices!A:A,Sheet1!A6,global_mobile_prices!L:L,Sheet1!K$1) -> 664 | C6: =SUMIFS(global_mobile_prices!G:G,global_mobile_prices!A:A,Sheet1!A6,global_mobile_prices!L:L,Sheet1!K$1) -> 20000 | L6: Exynos 2400 | O6: Nord 4 295 | P6: =SUMIFS(global_mobile_prices!C:C,global_mobile_prices!B:B,Sheet1!O6,global_mobile_prices!L:L,Sheet1!K$1) -> 938 | Q6: =SUMIFS(global_mobile_prices!D:D,global_mobile_prices!B:B,Sheet1!O6,global_mobile_prices!L:L,Sheet1!K$1) -> 16 | Z6: Android | AA6: =SUMIFS(global_mobile_prices!I:I,global_mobile_prices!K:K,Sheet1!Z6,global_mobile_prices!L:L,Sheet1!K$1) -> 623 | AB6: =SUMIFS(global_mobile_prices!H:H,global_mobile_prices!K:K,Sheet1!Z6,global_mobile_prices!L:L,Sheet1!K$1) -> 81.4
A7: Infinix | B7: =SUMIFS(global_mobile_prices!F:F,global_mobile_prices!A:A,Sheet1!A7,global_mobile_prices!L:L,Sheet1!K$1) -> 212 | C7: =SUMIFS(global_mobile_prices!G:G,global_mobile_prices!A:A,Sheet1!A7,global_mobile_prices!L:L,Sheet1!K$1) -> 10500 | L7: Exynos 2400 | O7: iPhone 16 Pro Max 232 | P7: =SUMIFS(global_mobile_prices!C:C,global_mobile_prices!B:B,Sheet1!O7,global_mobile_prices!L:L,Sheet1!K$1) -> 1447 | Q7: =SUMIFS(global_mobile_prices!D:D,global_mobile_prices!B:B,Sheet1!O7,global_mobile_prices!L:L,Sheet1!K$1) -> 16 | Z7: iOS | AA7: =SUMIFS(global_mobile_prices!I:I,global_mobile_prices!K:K,Sheet1!Z7,global_mobile_prices!L:L,Sheet1!K$1) -> 177 | AB7: =SUMIFS(global_mobile_prices!H:H,global_mobile_prices!K:K,Sheet1!Z7,global_mobile_prices!L:L,Sheet1!K$1) -> 20.8
A8: Vivo | B8: =SUMIFS(global_mobile_prices!F:F,global_mobile_prices!A:A,Sheet1!A8,global_mobile_prices!L:L,Sheet1!K$1) -> 400 | C8: =SUMIFS(global_mobile_prices!G:G,global_mobile_prices!A:A,Sheet1!A8,global_mobile_prices!L:L,Sheet1!K$1) -> 10000 | L8: Tensor G4 | O8: Hot 40 111 | P8: =SUMIFS(global_mobile_prices!C:C,global_mobile_prices!B:B,Sheet1!O8,global_mobile_prices!L:L,Sheet1!K$1) -> 1354 | Q8: =SUMIFS(global_mobile_prices!D:D,global_mobile_prices!B:B,Sheet1!O8,global_mobile_prices!L:L,Sheet1!K$1) -> 6 | Z8: Android | AA8: =SUMIFS(global_mobile_prices!I:I,global_mobile_prices!K:K,Sheet1!Z8,global_mobile_prices!L:L,Sheet1!K$1) -> 623 | AB8: =SUMIFS(global_mobile_prices!H:H,global_mobile_prices!K:K,Sheet1!Z8,global_mobile_prices!L:L,Sheet1!K$1) -> 81.4
A9: Google | B9: =SUMIFS(global_mobile_prices!F:F,global_mobile_prices!A:A,Sheet1!A9,global_mobile_prices!L:L,Sheet1!K$1) -> 12 | C9: =SUMIFS(global_mobile_prices!G:G,global_mobile_prices!A:A,Sheet1!A9,global_mobile_prices!L:L,Sheet1!K$1) -> 6000 | L9: Helio G99 | O9: V30 400 | P9: =SUMIFS(global_mobile_prices!C:C,global_mobile_prices!B:B,Sheet1!O9,global_mobile_prices!L:L,Sheet1!K$1) -> 223 | Q9: =SUMIFS(global_mobile_prices!D:D,global_mobile_prices!B:B,Sheet1!O9,global_mobile_prices!L:L,Sheet1!K$1) -> 8 | Z9: Android | AA9: =SUMIFS(global_mobile_prices!I:I,global_mobile_prices!K:K,Sheet1!Z9,global_mobile_prices!L:L,Sheet1!K$1) -> 623 | AB9: =SUMIFS(global_mobile_prices!H:H,global_mobile_prices!K:K,Sheet1!Z9,global_mobile_prices!L:L,Sheet1!K$1) -> 81.4
L10: Exynos 2400 | O10: Nord CE 4 Lite 503 | P10: =SUMIFS(global_mobile_prices!C:C,global_mobile_prices!B:B,Sheet1!O10,global_mobile_prices!L:L,Sheet1!K$1) -> 642 | Q10: =SUMIFS(global_mobile_prices!D:D,global_mobile_prices!B:B,Sheet1!O10,global_mobile_prices!L:L,Sheet1!K$1) -> 8 | Z10: Android | AA10: =SUMIFS(global_mobile_prices!I:I,global_mobile_prices!K:K,Sheet1!Z10,global_mobile_prices!L:L,Sheet1!K$1) -> 623 | AB10: =SUMIFS(global_mobile_prices!H:H,global_mobile_prices!K:K,Sheet1!Z10,global_mobile_prices!L:L,Sheet1!K$1) -> 81.4
L11: Snapdragon 7+ Gen 2 | O11: OnePlus 12 729 | P11: =SUMIFS(global_mobile_prices!C:C,global_mobile_prices!B:B,Sheet1!O11,global_mobile_prices!L:L,Sheet1!K$1) -> 127 | Q11: =SUMIFS(global_mobile_prices!D:D,global_mobile_prices!B:B,Sheet1!O11,global_mobile_prices!L:L,Sheet1!K$1) -> 16 | Z11: Android | AA11: =SUMIFS(global_mobile_prices!I:I,global_mobile_prices!K:K,Sheet1!Z11,global_mobile_prices!L:L,Sheet1!K$1) -> 623 | AB11: =SUMIFS(global_mobile_prices!H:H,global_mobile_prices!K:K,Sheet1!Z11,global_mobile_prices!L:L,Sheet1!K$1) -> 81.4
L12: Snapdragon 6 Gen 1 | O12: iPhone 14 328 | P12: =SUMIFS(global_mobile_prices!C:C,global_mobile_prices!B:B,Sheet1!O12,global_mobile_prices!L:L,Sheet1!K$1) -> 868 | Q12: =SUMIFS(global_mobile_prices!D:D,global_mobile_prices!B:B,Sheet1!O12,global_mobile_prices!L:L,Sheet1!K$1) -> 4 | Z12: iOS | AA12: =SUMIFS(global_mobile_prices!I:I,global_mobile_prices!K:K,Sheet1!Z12,global_mobile_prices!L:L,Sheet1!K$1) -> 177 | AB12: =SUMIFS(global_mobile_prices!H:H,global_mobile_prices!K:K,Sheet1!Z12,global_mobile_prices!L:L,Sheet1!K$1) -> 20.8
L13: Tensor G4 | O13: X100 Pro 546 | P13: =SUMIFS(global_mobile_prices!C:C,global_mobile_prices!B:B,Sheet1!O13,global_mobile_prices!L:L,Sheet1!K$1) -> 412 | Q13: =SUMIFS(global_mobile_prices!D:D,global_mobile_prices!B:B,Sheet1!O13,global_mobile_prices!L:L,Sheet1!K$1) -> 4 | Z13: Android | AA13: =SUMIFS(global_mobile_prices!I:I,global_mobile_prices!K:K,Sheet1!Z13,global_mobile_prices!L:L,Sheet1!K$1) -> 623 | AB13: =SUMIFS(global_mobile_prices!H:H,global_mobile_prices!K:K,Sheet1!Z13,global_mobile_prices!L:L,Sheet1!K$1) -> 81.4
L14: Tensor G4 | O14: Zero 30 940 | P14: =SUMIFS(global_mobile_prices!C:C,global_mobile_prices!B:B,Sheet1!O14,global_mobile_prices!L:L,Sheet1!K$1) -> 1032 | Q14: =SUMIFS(global_mobile_prices!D:D,global_mobile_prices!B:B,Sheet1!O14,global_mobile_prices!L:L,Sheet1!K$1) -> 4 | Z14: Android | AA14: =SUMIFS(global_mobile_prices!I:I,global_mobile_prices!K:K,Sheet1!Z14,global_mobile_prices!L:L,Sheet1!K$1) -> 623 | AB14: =SUMIFS(global_mobile_prices!H:H,global_mobile_prices!K:K,Sheet1!Z14,global_mobile_prices!L:L,Sheet1!K$1) -> 81.4
L15: Helio G99 | O15: Pixel 9 879 | P15: =SUMIFS(global_mobile_prices!C:C,global_mobile_prices!B:B,Sheet1!O15,global_mobile_prices!L:L,Sheet1!K$1) -> 1190 | Q15: =SUMIFS(global_mobile_prices!D:D,global_mobile_prices!B:B,Sheet1!O15,global_mobile_prices!L:L,Sheet1!K$1) -> 4 | Z15: Android | AA15: =SUMIFS(global_mobile_prices!I:I,global_mobile_prices!K:K,Sheet1!Z15,global_mobile_prices!L:L,Sheet1!K$1) -> 623 | AB15: =SUMIFS(global_mobile_prices!H:H,global_mobile_prices!K:K,Sheet1!Z15,global_mobile_prices!L:L,Sheet1!K$1) -> 81.4
L16: Snapdragon 8 Gen 3 | O16: C65 386 | P16: =SUMIFS(global_mobile_prices!C:C,global_mobile_prices!B:B,Sheet1!O16,global_mobile_prices!L:L,Sheet1!K$1) -> 361 | Q16: =SUMIFS(global_mobile_prices!D:D,global_mobile_prices!B:B,Sheet1!O16,global_mobile_prices!L:L,Sheet1!K$1) -> 6 | Z16: Android | AA16: =SUMIFS(global_mobile_prices!I:I,global_mobile_prices!K:K,Sheet1!Z16,global_mobile_prices!L:L,Sheet1!K$1) -> 623 | AB16: =SUMIFS(global_mobile_prices!H:H,global_mobile_prices!K:K,Sheet1!Z16,global_mobile_prices!L:L,Sheet1!K$1) -> 81.4
L17: Exynos 2400 | O17: OnePlus 13 787 | P17: =SUMIFS(global_mobile_prices!C:C,global_mobile_prices!B:B,Sheet1!O17,global_mobile_prices!L:L,Sheet1!K$1) -> 1497 | Q17: =SUMIFS(global_mobile_prices!D:D,global_mobile_prices!B:B,Sheet1!O17,global_mobile_prices!L:L,Sheet1!K$1) -> 12 | Z17: Android | AA17: =SUMIFS(global_mobile_prices!I:I,global_mobile_prices!K:K,Sheet1!Z17,global_mobile_prices!L:L,Sheet1!K$1) -> 623 | AB17: =SUMIFS(global_mobile_prices!H:H,global_mobile_prices!K:K,Sheet1!Z17,global_mobile_prices!L:L,Sheet1!K$1) -> 81.4
L18: *

Sheet global_mobile_prices
A1: brand | B1: model | C1: price_usd | D1: ram_gb | E1: storage_gb | F1: camera_mp | G1: battery_mah | H1: display_size_inch | I1: charging_watt | J1: 5g_support | K1: os | L1: processor | M1: rating | N1: release_month | O1: year
A2: Oppo | B2: A98 111 | C2: 855 | D2: 16 | E2: 128 | F2: 108 | G2: 6000 | H2: 6.6 | I2: 33 | J2: Yes | K2: Android | L2: Helio G99 | M2: 3.8 | N2: February | O2: 2025
A3: Realme | B3: 11 Pro+ 843 | C3: 618 | D3: 6 | E3: 128 | F3: 64 | G3: 4500 | H3: 6.9 | I3: 100 | J3: Yes | K3: Android | L3: Tensor G4 | M3: 4.4 | N3: August | O3: 2025
A4: Xiaomi | B4: Redmi Note 14 Pro 461 | C4: 258 | D4: 16 | E4: 64 | F4: 64 | G4: 4000 | H4: 6.8 | I4: 44 | J4: Yes | K4: Android | L4: A18 Pro | M4: 4.1 | N4: March | O4: 2025
A5: Apple | B5: iPhone 16 Pro Max 927 | C5: 335 | D5: 12 | E5: 128 | F5: 200 | G5: 5000 | H5: 6.9 | I5: 100 | J5: Yes | K5: iOS | L5: Dimensity 9300 | M5: 3.5 | N5: February | O5: 2025
A6: OnePlus | B6: Nord 4 295 | C6: 938 | D6: 16 | E6: 512 | F6: 200 | G6: 5000 | H6: 6.2 | I6: 120 | J6: No | K6: Android | L6: Exynos 2400 | M6: 3.7 | N6: May | O6: 2025
A7: Apple | B7: iPhone 16 Pro Max 232 | C7: 1447 | D7: 16 | E7: 64 | F7: 64 | G7: 4500 | H7: 6.7 | I7: 33 | J7: Yes | K7: iOS | L7: Exynos 2400 | M7: 4.7 | N7: November | O7: 2025
A8: Infinix | B8: Hot 40 111 | C8: 1354 | D8: 6 | E8: 1024 | F8: 12 | G8: 5500 | H8: 5.7 | I8: 18 | J8: Yes | K8: Android | L8: Tensor G4 | M8: 4 | N8: July | O8: 2025
A9: Vivo | B9: V30 400 | C9: 223 | D9: 8 | E9: 512 | F9: 200 | G9: 5500 | H9: 6.3 | I9: 18 | J9: Yes | K9: Android | L9: Helio G99 | M9: 4.9 | N9: December | O9: 2025
A10: OnePlus | B10: Nord CE 4 Lite 503 | C10: 642 | D10: 8 | E10: 256 | F10: 200 | G10: 5500 | H10: 7.1 | I10: 33 | J10: No | K10: Android | L10: Exynos 2400 | M10: 4.2 | N10: April | O10: 2025
A11: OnePlus | B11: OnePlus 12 729 | C11: 127 | D11: 16 | E11: 256 | F11: 200 | G11: 5500 | H11: 5.7 | I11: 44 | J11: Yes | K11: Android | L11: Snapdragon 7+ Gen 2 | M11: 5 | N11: January | O11: 2025
A12: Apple | B12: iPhone 14 328 | C12: 868 | D12: 4 | E12: 512 | F12: 12 | G12: 4500 | H12: 7.2 | I12: 44 | J12: No | K12: iOS | L12: Snapdragon 6 Gen 1 | M12: 4.6 | N12: December | O12: 2025
A13: Vivo | B13: X100 Pro 546 | C13: 412 | D13: 4 | E13: 512 | F13: 200 | G13: 4500 | H13: 6.3 | I13: 44 | J13: No | K13: Android | L13: Tensor G4 | M13: 3.9 | N13: April | O13: 2025
... A17: OnePlus | B17: OnePlus 13 787 | C17: 1497 | D17: 12 | E17: 256 | F17: 64 | G17: 4000 | H17: 5.7 | I17: 18 | J17: Yes | K17: Android | L17: Exynos 2400 | M17: 3.6 | N17: April | O17: 2025
